{"sidebar-1":{"search-3":[],"recent-posts-3":[],"media_image-3":{"attachment_id":160,"url":"http:\/\/teventwp.lab.themebucket.net\/wp-content\/uploads\/2017\/07\/01.jpg","title":"Image","size":"full","width":800,"height":600,"caption":"","alt":"","link_type":"none","link_url":"","image_classes":"","link_classes":"","link_rel":"","link_target_blank":false,"image_title":""},"media_video-3":{"attachment_id":0,"url":"https:\/\/youtu.be\/7Qw-ovNd7A8","title":"Video","preload":"metadata","loop":false,"content":"","mp4":"","m4v":"","webm":"","ogv":"","flv":""}},"sidenav":{"text-3":{"title":"About Us","text":"Lid est laborum dolo rumes fugats untras. Etharums ser quidem rerum facilis dolores nemis omnis fugats vitaes nemo minima rerums unsers sadips amets.","filter":"content"}}}